meeting_name_date,meeting_link,meeting_type,date
CFA Meeting — 21 November 2024,/records-research/record-cfa-actions/2024/11/cfa-meeting,CFA Meeting,2024-11-21
OGB Meeting — 7 November 2024,/records-research/record-cfa-actions/2024/11/ogb-meeting,OGB Meeting,2024-11-07
CFA Meeting — 17 October 2024,/records-research/record-cfa-actions/2024/10/cfa-meeting,CFA Meeting,2024-10-17
OGB Meeting — 2 October 2024,/records-research/record-cfa-actions/2024/10/ogb-meeting,OGB Meeting,2024-10-02
CFA Meeting — 19 September 2024,/records-research/record-cfa-actions/2024/09/cfa-meeting,CFA Meeting,2024-09-19
OGB Meeting — 5 September 2024,/records-research/record-cfa-actions/2024/09/ogb-meeting,OGB Meeting,2024-09-05
CFA Meeting — 18 July 2024,/records-research/record-cfa-actions/2024/07/cfa-meeting,CFA Meeting,2024-07-18
OGB Meeting — 3 July 2024,/records-research/record-cfa-actions/2024/07/ogb-meeting,OGB Meeting,2024-07-03
CFA Meeting — 20 June 2024,/records-research/record-cfa-actions/2024/06/cfa-meeting,CFA Meeting,2024-06-20
OGB Meeting — 6 June 2024,/records-research/record-cfa-actions/2024/06/ogb-meeting,OGB Meeting,2024-06-06
CFA Meeting — 16 May 2024,/records-research/record-cfa-actions/2024/05/cfa-meeting,CFA Meeting,2024-05-16
OGB Meeting — 2 May 2024,/records-research/record-cfa-actions/2024/05/ogb-meeting,OGB Meeting,2024-05-02
CFA Meeting — 18 April 2024,/records-research/record-cfa-actions/2024/04/cfa-meeting,CFA Meeting,2024-04-18
OGB Meeting — 4 April 2024,/records-research/record-cfa-actions/2024/04/ogb-meeting,OGB Meeting,2024-04-04
CFA Meeting — 21 March 2024,/records-research/record-cfa-actions/2024/03/cfa-meeting,CFA Meeting,2024-03-21
OGB Meeting — 7 March 2024,/records-research/record-cfa-actions/2024/03/ogb-meeting,OGB Meeting,2024-03-07
CFA Meeting — 15 February 2024,/records-research/record-cfa-actions/2024/02/cfa-meeting,CFA Meeting,2024-02-15
OGB Meeting — 1 February 2024,/records-research/record-cfa-actions/2024/02/ogb-meeting,OGB Meeting,2024-02-01
CFA Meeting — 18 January 2024,/records-research/record-cfa-actions/2024/01/cfa-meeting,CFA Meeting,2024-01-18
,,,
OGB Meeting — 7 December 2023,/records-research/record-cfa-actions/2023/12/ogb-meeting,OGB Meeting,2023-12-07
CFA Meeting — 16 November 2023,/records-research/record-cfa-actions/2023/11/cfa-meeting,CFA Meeting,2023-11-16
OGB Meeting — 2 November 2023,/records-research/record-cfa-actions/2023/11/ogb-meeting,OGB Meeting,2023-11-02
CFA Meeting — 19 October 2023,/records-research/record-cfa-actions/2023/10/cfa-meeting,CFA Meeting,2023-10-19
OGB Meeting — 5 October 2023,/records-research/record-cfa-actions/2023/10/ogb-meeting,OGB Meeting,2023-10-05
CFA Meeting — 21 September 2023,/records-research/record-cfa-actions/2023/09/cfa-meeting,CFA Meeting,2023-09-21
OGB Meeting — 7 September 2023,/records-research/record-cfa-actions/2023/09/ogb-meeting,OGB Meeting,2023-09-07
CFA Meeting — 20 July 2023,/records-research/record-cfa-actions/2023/07/cfa-meeting,CFA Meeting,2023-07-20
OGB Meeting — 6 July 2023,/records-research/record-cfa-actions/2023/07/ogb-meeting,OGB Meeting,2023-07-06
CFA Meeting — 15 June 2023,/records-research/record-cfa-actions/2023/06/cfa-meeting,CFA Meeting,2023-06-15
OGB Meeting — 1 June 2023,/records-research/record-cfa-actions/2023/06/ogb-meeting,OGB Meeting,2023-06-01
CFA Meeting — 18 May 2023,/records-research/record-cfa-actions/2023/05/cfa-meeting,CFA Meeting,2023-05-18
OGB Meeting — 4 May 2023,/records-research/record-cfa-actions/2023/05/ogb-meeting,OGB Meeting,2023-05-04
CFA Meeting — 20 April 2023,/records-research/record-cfa-actions/2023/04/cfa-meeting,CFA Meeting,2023-04-20
OGB Meeting — 6 April 2023,/records-research/record-cfa-actions/2023/04/ogb-meeting,OGB Meeting,2023-04-06
CFA Meeting — 16 March 2023,/records-research/record-cfa-actions/2023/03/cfa-meeting,CFA Meeting,2023-03-16
OGB Meeting — 2 March 2023,/records-research/record-cfa-actions/2023/03/ogb-meeting,OGB Meeting,2023-03-02
CFA Meeting — 16 February 2023,/records-research/record-cfa-actions/2023/02/cfa-meeting,CFA Meeting,2023-02-16
OGB Meeting — 2 February 2023,/records-research/record-cfa-actions/2023/02/ogb-meeting,OGB Meeting,2023-02-02
CFA Meeting — 19 January 2023,/records-research/record-cfa-actions/2023/01/cfa-meeting,CFA Meeting,2023-01-19
,,,
OGB Meeting — 8 December 2022,/records-research/record-cfa-actions/2022/12/ogb-meeting,OGB Meeting,2022-12-08
CFA Meeting — 17 November 2022,/records-research/record-cfa-actions/2022/11/cfa-meeting,CFA Meeting,2022-11-17
OGB Meeting — 3 November 2022,/records-research/record-cfa-actions/2022/11/ogb-meeting,OGB Meeting,2022-11-03
CFA Meeting — 20 October 2022,/records-research/record-cfa-actions/2022/10/cfa-meeting,CFA Meeting,2022-10-20
OGB Meeting — 6 October 2022,/records-research/record-cfa-actions/2022/10/ogb-meeting,OGB Meeting,2022-10-06
CFA Meeting — 15 September 2022,/records-research/record-cfa-actions/2022/09/cfa-meeting,CFA Meeting,2022-09-15
OGB Meeting — 1 September 2022,/records-research/record-cfa-actions/2022/09/ogb-meeting,OGB Meeting,2022-09-01
CFA Meeting — 21 July 2022,/records-research/record-cfa-actions/2022/07/cfa-meeting,CFA Meeting,2022-07-21
OGB Meeting — 7 July 2022,/records-research/record-cfa-actions/2022/07/ogb-meeting,OGB Meeting,2022-07-07
CFA Meeting — 16 June 2022,/records-research/record-cfa-actions/2022/06/cfa-meeting,CFA Meeting,2022-06-16
OGB Meeting — 2 June 2022,/records-research/record-cfa-actions/2022/06/ogb-meeting,OGB Meeting,2022-06-02
CFA Meeting — 19 May 2022,/records-research/record-cfa-actions/2022/05/cfa-meeting,CFA Meeting,2022-05-19
OGB Meeting — 5 May 2022,/records-research/record-cfa-actions/2022/05/ogb-meeting,OGB Meeting,2022-05-05
CFA Meeting — 21 April 2022,/records-research/record-cfa-actions/2022/04/cfa-meeting,CFA Meeting,2022-04-21
OGB Meeting — 7 April 2022,/records-research/record-cfa-actions/2022/04/ogb-meeting,OGB Meeting,2022-04-07
CFA Meeting — 17 March 2022,/records-research/record-cfa-actions/2022/03/cfa-meeting,CFA Meeting,2022-03-17
OGB Meeting — 3 March 2022,/records-research/record-cfa-actions/2022/03/ogb-meeting,OGB Meeting,2022-03-03
CFA Meeting — 17 February 2022,/records-research/record-cfa-actions/2022/02/cfa-meeting,CFA Meeting,2022-02-17
OGB Meeting — 3 February 2022,/records-research/record-cfa-actions/2022/02/ogb-meeting,OGB Meeting,2022-02-03
CFA Meeting — 20 January 2022,/records-research/record-cfa-actions/2022/01/cfa-meeting,CFA Meeting,2022-01-20
,,,
OGB Meeting — 2 December 2021,/records-research/record-cfa-actions/2021/12/ogb-meeting,OGB Meeting,2021-12-02
CFA Meeting — 18 November 2021,/records-research/record-cfa-actions/2021/11/cfa-meeting,CFA Meeting,2021-11-18
OGB Meeting — 4 November 2021,/records-research/record-cfa-actions/2021/11/ogb-meeting,OGB Meeting,2021-11-04
CFA Meeting — 21 October 2021,/records-research/record-cfa-actions/2021/10/cfa-meeting,CFA Meeting,2021-10-21
OGB Meeting — 7 October 2021,/records-research/record-cfa-actions/2021/10/ogb-meeting,OGB Meeting,2021-10-07
CFA Meeting — 15 September 2021,/records-research/record-cfa-actions/2021/09/cfa-meeting,CFA Meeting,2021-09-15
OGB Meeting — 2 September 2021,/records-research/record-cfa-actions/2021/09/ogb-meeting,OGB Meeting,2021-09-02
CFA Meeting — 15 July 2021,/records-research/record-cfa-actions/2021/07/cfa-meeting,CFA Meeting,2021-07-15
OGB Meeting — 1 July 2021,/records-research/record-cfa-actions/2021/07/ogb-meeting,OGB Meeting,2021-07-01
CFA Meeting — 17 June 2021,/records-research/record-cfa-actions/2021/06/cfa-meeting,CFA Meeting,2021-06-17
OGB Meeting — 3 June 2021,/records-research/record-cfa-actions/2021/06/ogb-meeting,OGB Meeting,2021-06-03
CFA Meeting — 20 May 2021,/records-research/record-cfa-actions/2021/05/cfa-meeting,CFA Meeting,2021-05-20
OGB Meeting — 6 May 2021,/records-research/record-cfa-actions/2021/05/ogb-meeting,OGB Meeting,2021-05-06
CFA Meeting — 15 April 2021,/records-research/record-cfa-actions/2021/04/cfa-meeting,CFA Meeting,2021-04-15
OGB Meeting — 1 April 2021,/records-research/record-cfa-actions/2021/04/ogb-meeting,OGB Meeting,2021-04-01
CFA Meeting — 18 March 2021,/records-research/record-cfa-actions/2021/03/cfa-meeting,CFA Meeting,2021-03-18
OGB Meeting — 4 March 2021,/records-research/record-cfa-actions/2021/03/ogb-meeting,OGB Meeting,2021-03-04
CFA Meeting — 18 February 2021,/records-research/record-cfa-actions/2021/02/cfa-meeting,CFA Meeting,2021-02-18
OGB Meeting — 4 February 2021,/records-research/record-cfa-actions/2021/02/ogb-meeting,OGB Meeting,2021-02-04
CFA Meeting — 21 January 2021,/records-research/record-cfa-actions/2021/01/cfa-meeting,CFA Meeting,2021-01-21
OGB Meeting — 7 January 2021,/records-research/record-cfa-actions/2021/01/ogb-meeting,OGB Meeting,2021-01-07
,,,
,,,
OGB Meeting — 3 December 2020,/records-research/record-cfa-actions/2020/12/ogb-meeting,OGB Meeting,2020-12-03
CFA Meeting — 19 November 2020,/records-research/record-cfa-actions/2020/11/cfa-meeting,CFA Meeting,2020-11-19
OGB Meeting — 5 November 2020,/records-research/record-cfa-actions/2020/11/ogb-meeting,OGB Meeting,2020-11-05
CFA Meeting — 15 October 2020,/records-research/record-cfa-actions/2020/10/cfa-meeting,CFA Meeting,2020-10-15
OGB Meeting — 1 October 2020,/records-research/record-cfa-actions/2020/10/ogb-meeting,OGB Meeting,2020-10-01
CFA Meeting — 17 September 2020,/records-research/record-cfa-actions/2020/09/cfa-meeting,CFA Meeting,2020-09-17
OGB Meeting — 3 September 2020,/records-research/record-cfa-actions/2020/09/ogb-meeting,OGB Meeting,2020-09-03
CFA Meeting — 16 July 2020,/records-research/record-cfa-actions/2020/07/cfa-meeting,CFA Meeting,2020-07-16
OGB Meeting — 2 July 2020,/records-research/record-cfa-actions/2020/07/ogb-meeting,OGB Meeting,2020-07-02
CFA Meeting — 18 June 2020,/records-research/record-cfa-actions/2020/06/cfa-meeting,CFA Meeting,2020-06-18
OGB Meeting — 4 June 2020,/records-research/record-cfa-actions/2020/06/ogb-meeting,OGB Meeting,2020-06-04
CFA Meeting — 21 May 2020,/records-research/record-cfa-actions/2020/05/cfa-meeting,CFA Meeting,2020-05-21
OGB Meeting — 7 May 2020,/records-research/record-cfa-actions/2020/05/ogb-meeting,OGB Meeting,2020-05-07
CFA Meeting — 16 April 2020,/records-research/record-cfa-actions/2020/04/cfa-meeting,CFA Meeting,2020-04-16
OGB Meeting — 2 April 2020,/records-research/record-cfa-actions/2020/04/ogb-meeting,OGB Meeting,2020-04-02
CFA Meeting — 19 March 2020,/records-research/record-cfa-actions/2020/03/cfa-meeting,CFA Meeting,2020-03-19
OGB Meeting — 5 March 2020,/records-research/record-cfa-actions/2020/03/ogb-meeting,OGB Meeting,2020-03-05
CFA Meeting — 20 February 2020,/records-research/record-cfa-actions/2020/02/cfa-meeting,CFA Meeting,2020-02-20
OGB Meeting — 6 February 2020,/records-research/record-cfa-actions/2020/02/ogb-meeting,OGB Meeting,2020-02-06
CFA Meeting — 16 January 2020,/records-research/record-cfa-actions/2020/01/cfa-meeting,CFA Meeting,2020-01-16
,,,
OGB Meeting — 3 December 2019,/records-research/record-cfa-actions/2019/12/ogb-meeting,OGB Meeting,2019-12-03
CFA Meeting — 21 November 2019,/records-research/record-cfa-actions/2019/11/cfa-meeting,CFA Meeting,2019-11-21
OGB Meeting — 7 November 2019,/records-research/record-cfa-actions/2019/11/ogb-meeting,OGB Meeting,2019-11-07
CFA Meeting — 17 October 2019,/records-research/record-cfa-actions/2019/10/cfa-meeting,CFA Meeting,2019-10-17
OGB Meeting — 3 October 2019,/records-research/record-cfa-actions/2019/10/ogb-meeting,OGB Meeting,2019-10-03
CFA Meeting — 19 September 2019,/records-research/record-cfa-actions/2019/09/cfa-meeting,CFA Meeting,2019-09-19
OGB Meeting — 5 September 2019,/records-research/record-cfa-actions/2019/09/ogb-meeting,OGB Meeting,2019-09-05
CFA Meeting — 18 July 2019,/records-research/record-cfa-actions/2019/07/cfa-meeting,CFA Meeting,2019-07-18
OGB Meeting — 3 July 2019,/records-research/record-cfa-actions/2019/07/ogb-meeting,OGB Meeting,2019-07-03
CFA Meeting — 20 June 2019,/records-research/record-cfa-actions/2019/06/cfa-meeting,CFA Meeting,2019-06-20
OGB Meeting — 6 June 2019,/records-research/record-cfa-actions/2019/06/ogb-meeting,OGB Meeting,2019-06-06
CFA Meeting — 16 May 2019,/records-research/record-cfa-actions/2019/05/cfa-meeting,CFA Meeting,2019-05-16
OGB Meeting — 2 May 2019,/records-research/record-cfa-actions/2019/05/ogb-meeting,OGB Meeting,2019-05-02
CFA Meeting — 18 April 2019,/records-research/record-cfa-actions/2019/04/cfa-meeting,CFA Meeting,2019-04-18
OGB Meeting — 4 April 2019,/records-research/record-cfa-actions/2019/04/ogb-meeting,OGB Meeting,2019-04-04
CFA Meeting — 21 March 2019,/records-research/record-cfa-actions/2019/03/cfa-meeting,CFA Meeting,2019-03-21
OGB Meeting — 7 March 2019,/records-research/record-cfa-actions/2019/03/ogb-meeting,OGB Meeting,2019-03-07
CFA Meeting — 21 February 2019,/records-research/record-cfa-actions/2019/02/cfa-meeting,CFA Meeting,2019-02-21
OGB Meeting — 7 February 2019,/records-research/record-cfa-actions/2019/02/ogb-meeting,OGB Meeting,2019-02-07
CFA Meeting — 17 January 2019,/records-research/record-cfa-actions/2019/01/cfa-meeting,CFA Meeting,2019-01-17
OGB Meeting — 3 January 2019,/records-research/record-cfa-actions/2019/01/ogb-meeting,OGB Meeting,2019-01-03
,,,
OGB Meeting — 6 December 2018,/records-research/record-cfa-actions/2018/12/ogb-meeting,OGB Meeting,2018-12-06
CFA Meeting — 15 November 2018,/records-research/record-cfa-actions/2018/11/cfa-meeting,CFA Meeting,2018-11-15
OGB Meeting — 1 November 2018,/records-research/record-cfa-actions/2018/11/ogb-meeting,OGB Meeting,2018-11-01
CFA Meeting — 18 October 2018,/records-research/record-cfa-actions/2018/10/cfa-meeting,CFA Meeting,2018-10-18
OGB Meeting — 4 October 2018,/records-research/record-cfa-actions/2018/10/ogb-meeting,OGB Meeting,2018-10-04
CFA Meeting — 20 September 2018,/records-research/record-cfa-actions/2018/09/cfa-meeting,CFA Meeting,2018-09-20
OGB Meeting — 6 September 2018,/records-research/record-cfa-actions/2018/09/ogb-meeting,OGB Meeting,2018-09-06
CFA Meeting — 19 July 2018,/records-research/record-cfa-actions/2018/07/cfa-meeting,CFA Meeting,2018-07-19
OGB Meeting — 5 July 2018,/records-research/record-cfa-actions/2018/07/ogb-meeting,OGB Meeting,2018-07-05
CFA Meeting — 21 June 2018,/records-research/record-cfa-actions/2018/06/cfa-meeting,CFA Meeting,2018-06-21
OGB Meeting — 7 June 2018,/records-research/record-cfa-actions/2018/06/ogb-meeting,OGB Meeting,2018-06-07
CFA Meeting — 17 May 2018,/records-research/record-cfa-actions/2018/05/cfa-meeting,CFA Meeting,2018-05-17
OGB Meeting — 3 May 2018,/records-research/record-cfa-actions/2018/05/ogb-meeting,OGB Meeting,2018-05-03
CFA Meeting — 19 April 2018,/records-research/record-cfa-actions/2018/04/cfa-meeting,CFA Meeting,2018-04-19
OGB Meeting — 5 April 2018,/records-research/record-cfa-actions/2018/04/ogb-meeting,OGB Meeting,2018-04-05
CFA Meeting — 15 March 2018,/records-research/record-cfa-actions/2018/03/cfa-meeting,CFA Meeting,2018-03-15
OGB Meeting — 1 March 2018,/records-research/record-cfa-actions/2018/03/ogb-meeting,OGB Meeting,2018-03-01
CFA Meeting — 15 February 2018,/records-research/record-cfa-actions/2018/02/cfa-meeting,CFA Meeting,2018-02-15
OGB Meeting — 1 February 2018,/records-research/record-cfa-actions/2018/02/ogb-meeting,OGB Meeting,2018-02-01
CFA Meeting — 18 January 2018,/records-research/record-cfa-actions/2018/01/cfa-meeting,CFA Meeting,2018-01-18
OGB Meeting — 4 January 2018,/records-research/record-cfa-actions/2018/01/ogb-meeting,OGB Meeting,2018-01-04
,,,
OGB Meeting — 7 December 2017,/records-research/record-cfa-actions/2017/12/ogb-meeting,OGB Meeting,2017-12-07
CFA Meeting — 16 November 2017,/records-research/record-cfa-actions/2017/11/cfa-meeting,CFA Meeting,2017-11-16
OGB Meeting — 2 November 2017,/records-research/record-cfa-actions/2017/11/ogb-meeting,OGB Meeting,2017-11-02
CFA Meeting — 19 October 2017,/records-research/record-cfa-actions/2017/10/cfa-meeting,CFA Meeting,2017-10-19
OGB Meeting — 5 October 2017,/records-research/record-cfa-actions/2017/10/ogb-meeting,OGB Meeting,2017-10-05
CFA Meeting — 20 September 2017,/records-research/record-cfa-actions/2017/09/cfa-meeting,CFA Meeting,2017-09-20
OGB Meeting — 7 September 2017,/records-research/record-cfa-actions/2017/09/ogb-meeting,OGB Meeting,2017-09-07
CFA Meeting — 20 July 2017,/records-research/record-cfa-actions/2017/07/cfa-meeting,CFA Meeting,2017-07-20
OGB Meeting — 6 July 2017,/records-research/record-cfa-actions/2017/07/ogb-meeting,OGB Meeting,2017-07-06
CFA Meeting — 15 June 2017,/records-research/record-cfa-actions/2017/06/cfa-meeting,CFA Meeting,2017-06-15
OGB Meeting — 1 June 2017,/records-research/record-cfa-actions/2017/06/ogb-meeting,OGB Meeting,2017-06-01
CFA Meeting — 18 May 2017,/records-research/record-cfa-actions/2017/05/cfa-meeting,CFA Meeting,2017-05-18
OGB Meeting — 4 May 2017,/records-research/record-cfa-actions/2017/05/ogb-meeting,OGB Meeting,2017-05-04
CFA Meeting — 20 April 2017,/records-research/record-cfa-actions/2017/04/cfa-meeting,CFA Meeting,2017-04-20
OGB Meeting — 6 April 2017,/records-research/record-cfa-actions/2017/04/ogb-meeting,OGB Meeting,2017-04-06
CFA Meeting — 16 March 2017,/records-research/record-cfa-actions/2017/03/cfa-meeting,CFA Meeting,2017-03-16
OGB Meeting — 2 March 2017,/records-research/record-cfa-actions/2017/03/ogb-meeting,OGB Meeting,2017-03-02
CFA Meeting — 16 February 2017,/records-research/record-cfa-actions/2017/02/cfa-meeting,CFA Meeting,2017-02-16
OGB Meeting — 2 February 2017,/records-research/record-cfa-actions/2017/02/ogb-meeting,OGB Meeting,2017-02-02
CFA Meeting — 23 January 2017,/records-research/record-cfa-actions/2017/01/cfa-meeting,CFA Meeting,2017-01-23
OGB Meeting — 5 January 2017,/records-research/record-cfa-actions/2017/01/ogb-meeting,OGB Meeting,2017-01-05
,,,
OGB Meeting — 1 December 2016,/records-research/record-cfa-actions/2016/12/ogb-meeting,OGB Meeting,2016-12-01
CFA Meeting — 17 November 2016,/records-research/record-cfa-actions/2016/11/cfa-meeting,CFA Meeting,2016-11-17
OGB Meeting — 3 November 2016,/records-research/record-cfa-actions/2016/11/ogb-meeting,OGB Meeting,2016-11-03
CFA Meeting — 20 October 2016,/records-research/record-cfa-actions/2016/10/cfa-meeting,CFA Meeting,2016-10-20
OGB Meeting — 6 October 2016,/records-research/record-cfa-actions/2016/10/ogb-meeting,OGB Meeting,2016-10-06
CFA Meeting — 15 September 2016,/records-research/record-cfa-actions/2016/09/cfa-meeting,CFA Meeting,2016-09-15
OGB Meeting — 1 September 2016,/records-research/record-cfa-actions/2016/09/ogb-meeting,OGB Meeting,2016-09-01
CFA Meeting — 21 July 2016,/records-research/record-cfa-actions/2016/07/cfa-meeting,CFA Meeting,2016-07-21
OGB Meeting — 7 July 2016,/records-research/record-cfa-actions/2016/07/ogb-meeting,OGB Meeting,2016-07-07
CFA Meeting — 16 June 2016,/records-research/record-cfa-actions/2016/06/cfa-meeting,CFA Meeting,2016-06-16
OGB Meeting — 2 June 2016,/records-research/record-cfa-actions/2016/06/ogb-meeting,OGB Meeting,2016-06-02
CFA Meeting — 19 May 2016,/records-research/record-cfa-actions/2016/05/cfa-meeting,CFA Meeting,2016-05-19
OGB Meeting — 5 May 2016,/records-research/record-cfa-actions/2016/05/ogb-meeting,OGB Meeting,2016-05-05
CFA Meeting — 21 April 2016,/records-research/record-cfa-actions/2016/04/cfa-meeting,CFA Meeting,2016-04-21
OGB Meeting — 7 April 2016,/records-research/record-cfa-actions/2016/04/ogb-meeting,OGB Meeting,2016-04-07
CFA Meeting — 17 March 2016,/records-research/record-cfa-actions/2016/03/cfa-meeting,CFA Meeting,2016-03-17
OGB Meeting — 3 March 2016,/records-research/record-cfa-actions/2016/03/ogb-meeting,OGB Meeting,2016-03-03
CFA Meeting — 18 February 2016,/records-research/record-cfa-actions/2016/02/cfa-meeting,CFA Meeting,2016-02-18
OGB Meeting — 4 February 2016,/records-research/record-cfa-actions/2016/02/ogb-meeting,OGB Meeting,2016-02-04
CFA Meeting — 21 January 2016,/records-research/record-cfa-actions/2016/01/cfa-meeting-0,CFA Meeting,2016-01-21
OGB Meeting — 7 January 2016,/records-research/record-cfa-actions/2016/01/ogb-meeting,OGB Meeting,2016-01-07
,,,
OGB Meeting — 3 December 2015,/records-research/record-cfa-actions/2015/12/ogb-meeting,OGB Meeting,2015-12-03
CFA Meeting — 19 November 2015,/records-research/record-cfa-actions/2015/11/cfa-meeting,CFA Meeting,2015-11-19
OGB Meeting — 5 November 2015,/records-research/record-cfa-actions/2015/11/ogb-meeting,OGB Meeting,2015-11-05
CFA Meeting — 15 October 2015,/records-research/record-cfa-actions/2015/10/cfa-meeting,CFA Meeting,2015-10-15
OGB Meeting — 1 October 2015,/records-research/record-cfa-actions/2015/10/ogb-meeting,OGB Meeting,2015-10-01
CFA Meeting — 17 September 2015,/records-research/record-cfa-actions/2015/09/cfa-meeting,CFA Meeting,2015-09-17
OGB Meeting — 3 September 2015,/records-research/record-cfa-actions/2015/09/ogb-meeting,OGB Meeting,2015-09-03
CFA Meeting — 16 July 2015,/records-research/record-cfa-actions/2015/07/cfa-meeting,CFA Meeting,2015-07-16
OGB Meeting — 2 July 2015,/records-research/record-cfa-actions/2015/07/ogb-meeting,OGB Meeting,2015-07-02
CFA Meeting — 18 June 2015,/records-research/record-cfa-actions/2015/06/cfa-meeting,CFA Meeting,2015-06-18
OGB Meeting — 4 June 2015,/records-research/record-cfa-actions/2015/06/ogb-meeting,OGB Meeting,2015-06-04
CFA Meeting — 21 May 2015,/records-research/record-cfa-actions/2015/05/cfa-meeting,CFA Meeting,2015-05-21
OGB Meeting — 7 May 2015,/records-research/record-cfa-actions/2015/05/ogb-meeting,OGB Meeting,2015-05-07
CFA Meeting — 16 April 2015,/records-research/record-cfa-actions/2015/04/cfa-meeting,CFA Meeting,2015-04-16
OGB Meeting — 2 April 2015,/records-research/record-cfa-actions/2015/04/ogb-meeting,OGB Meeting,2015-04-02
CFA Meeting — 19 March 2015,/records-research/record-cfa-actions/2015/03/cfa-meeting,CFA Meeting,2015-03-19
OGB Meeting — 6 March 2015,/records-research/record-cfa-actions/2015/03/ogb-meeting,OGB Meeting,2015-03-06
CFA Meeting — 19 February 2015,/records-research/record-cfa-actions/2015/02/cfa-meeting,CFA Meeting,2015-02-19
OGB Meeting — 5 February 2015,/records-research/record-cfa-actions/2015/02/ogb-meeting,OGB Meeting,2015-02-05
CFA Meeting — 22 January 2015,/records-research/record-cfa-actions/2015/01/cfa-meeting,CFA Meeting,2015-01-22
OGB Meeting — 6 January 2015,/records-research/record-cfa-actions/2015/01/ogb-meeting,OGB Meeting,2015-01-06
,,,
OGB Meeting — 4 December 2014,/records-research/record-cfa-actions/2014/12/ogb-meeting,OGB Meeting,2014-12-04
CFA Meeting — 20 November 2014,/records-research/record-cfa-actions/2014/11/cfa-meeting,CFA Meeting,2014-11-20
OGB Meeting — 6 November 2014,/records-research/record-cfa-actions/2014/11/ogb-meeting,OGB Meeting,2014-11-06
CFA Meeting — 16 October 2014,/records-research/record-cfa-actions/2014/10/cfa-meeting,CFA Meeting,2014-10-16
OGB Meeting — 2 October 2014,/records-research/record-cfa-actions/2014/10/ogb-meeting,OGB Meeting,2014-10-02
CFA Meeting — 18 September 2014,/records-research/record-cfa-actions/2014/09/cfa-meeting,CFA Meeting,2014-09-18
CFA Meeting — 17 July 2014,/records-research/record-cfa-actions/2014/07/cfa-meeting,CFA Meeting,2014-07-17
CFA Meeting — 19 June 2014,/records-research/record-cfa-actions/2014/06/cfa-meeting,CFA Meeting,2014-06-19
CFA Meeting — 15 May 2014,/records-research/record-cfa-actions/2014/05/cfa-meeting,CFA Meeting,2014-05-15
CFA Meeting — 17 April 2014,/records-research/record-cfa-actions/2014/04/cfa-meeting,CFA Meeting,2014-04-17
CFA Meeting — 20 March 2014,/records-research/record-cfa-actions/2014/03/cfa-meeting,CFA Meeting,2014-03-20
CFA Meeting — 20 February 2014,/records-research/record-cfa-actions/2014/02/cfa-meeting,CFA Meeting,2014-02-20
CFA Meeting — 16 January 2014,/records-research/record-cfa-actions/2014/01/cfa-meeting,CFA Meeting,2014-01-16
,,,
CFA Meeting — 21 November 2013,/records-research/record-cfa-actions/2013/11/cfa-meeting,CFA Meeting,2013-11-21
CFA Meeting — 17 October 2013,/records-research/record-cfa-actions/2013/10/cfa-meeting,CFA Meeting,2013-10-17
CFA Meeting — 19 September 2013,/records-research/record-cfa-actions/2013/09/cfa-meeting,CFA Meeting,2013-09-19
CFA Meeting — 18 July 2013,/records-research/record-cfa-actions/2013/07/cfa-meeting,CFA Meeting,2013-07-18
CFA Meeting — 20 June 2013,/records-research/record-cfa-actions/2013/06/cfa-meeting,CFA Meeting,2013-06-20
CFA Meeting — 16 May 2013,/records-research/record-cfa-actions/2013/05/cfa-meeting,CFA Meeting,2013-05-16
CFA Meeting — 18 April 2013,/records-research/record-cfa-actions/2013/04/cfa-meeting,CFA Meeting,2013-04-18
CFA Meeting — 21 March 2013,/records-research/record-cfa-actions/2013/03/cfa-meeting,CFA Meeting,2013-03-21
CFA Meeting — 21 February 2013,/records-research/record-cfa-actions/2013/02/cfa-meeting,CFA Meeting,2013-02-21
CFA Meeting — 17 January 2013,/records-research/record-cfa-actions/2013/01/cfa-meeting,CFA Meeting,2013-01-17
,,,
CFA Meeting — 15 November 2012,/records-research/record-cfa-actions/2012/11/cfa-meeting,CFA Meeting,2012-11-15
CFA Meeting — 18 October 2012,/records-research/record-cfa-actions/2012/10/cfa-meeting,CFA Meeting,2012-10-18
CFA Meeting — 20 September 2012,/records-research/record-cfa-actions/2012/09/cfa-meeting,CFA Meeting,2012-09-20
CFA Meeting — 19 July 2012,/records-research/record-cfa-actions/2012/07/cfa-meeting,CFA Meeting,2012-07-19
CFA Meeting — 21 June 2012,/records-research/record-cfa-actions/2012/06/cfa-meeting,CFA Meeting,2012-06-21
CFA Meeting — 17 May 2012,/records-research/record-cfa-actions/2012/05/cfa-meeting,CFA Meeting,2012-05-17
CFA Meeting — 19 April 2012,/records-research/record-cfa-actions/2012/04/cfa-meeting,CFA Meeting,2012-04-19
CFA Meeting — 15 March 2012,/records-research/record-cfa-actions/2012/03/cfa-meeting,CFA Meeting,2012-03-15
CFA Meeting — 16 February 2012,/records-research/record-cfa-actions/2012/02/cfa-meeting,CFA Meeting,2012-02-16
CFA Meeting — 19 January 2012,/records-research/record-cfa-actions/2012/01/cfa-meeting,CFA Meeting,2012-01-19
,,,
CFA Meeting — 17 November 2011,/records-research/record-cfa-actions/2011/11/cfa-meeting,CFA Meeting,2011-11-17
CFA Meeting — 20 October 2011,/records-research/record-cfa-actions/2011/10/cfa-meeting,CFA Meeting,2011-10-20
CFA Meeting — 15 September 2011,/records-research/record-cfa-actions/2011/09/cfa-meeting,CFA Meeting,2011-09-15
CFA Meeting — 21 July 2011,/records-research/record-cfa-actions/2011/07/cfa-meeting,CFA Meeting,2011-07-21
CFA Meeting — 16 June 2011,/records-research/record-cfa-actions/2011/06/cfa-meeting,CFA Meeting,2011-06-16
CFA Meeting — 19 May 2011,/records-research/record-cfa-actions/2011/05/cfa-meeting,CFA Meeting,2011-05-19
CFA Meeting — 21 April 2011,/records-research/record-cfa-actions/2011/04/cfa-meeting,CFA Meeting,2011-04-21
CFA Meeting — 17 March 2011,/records-research/record-cfa-actions/2011/03/cfa-meeting,CFA Meeting,2011-03-17
CFA Meeting — 17 February 2011,/records-research/record-cfa-actions/2011/02/cfa-meeting,CFA Meeting,2011-02-17
CFA Meeting — 20 January 2011,/records-research/record-cfa-actions/2011/01/cfa-meeting,CFA Meeting,2011-01-20
,,,
CFA Meeting — 18 November 2010,/records-research/record-cfa-actions/2010/11/cfa-meeting,CFA Meeting,2010-11-18
CFA Meeting — 21 October 2010,/records-research/record-cfa-actions/2010/10/cfa-meeting,CFA Meeting,2010-10-21
CFA Meeting — 16 September 2010,/records-research/record-cfa-actions/2010/09/cfa-meeting,CFA Meeting,2010-09-16
CFA Meeting — 15 July 2010,/records-research/record-cfa-actions/2010/07/cfa-meeting,CFA Meeting,2010-07-15
CFA Meeting — 17 June 2010,/records-research/record-cfa-actions/2010/06/cfa-meeting,CFA Meeting,2010-06-17
CFA Meeting — 20 May 2010,/records-research/record-cfa-actions/2010/05/cfa-meeting,CFA Meeting,2010-05-20
CFA Meeting — 15 April 2010,/records-research/record-cfa-actions/2010/04/cfa-meeting,CFA Meeting,2010-04-15
CFA Meeting — 18 March 2010,/records-research/record-cfa-actions/2010/03/cfa-meeting,CFA Meeting,2010-03-18
CFA Meeting — 18 February 2010,/records-research/record-cfa-actions/2010/02/cfa-meeting,CFA Meeting,2010-02-18
CFA Meeting — 21 January 2010,/records-research/record-cfa-actions/2010/01/cfa-meeting,CFA Meeting,2010-01-21
,,,
CFA Meeting — 19 November 2009,/records-research/record-cfa-actions/2009/11/cfa-meeting,CFA Meeting,2009-11-19
CFA Meeting — 15 October 2009,/records-research/record-cfa-actions/2009/10/cfa-meeting,CFA Meeting,2009-10-15
CFA Meeting — 17 September 2009,/records-research/record-cfa-actions/2009/09/cfa-meeting,CFA Meeting,2009-09-17
CFA Meeting — 16 July 2009,/records-research/record-cfa-actions/2009/07/cfa-meeting,CFA Meeting,2009-07-16
CFA Meeting — 18 June 2009,/records-research/record-cfa-actions/2009/06/cfa-meeting,CFA Meeting,2009-06-18
CFA Meeting — 21 May 2009,/records-research/record-cfa-actions/2009/05/cfa-meeting,CFA Meeting,2009-05-21
CFA Meeting — 16 April 2009,/records-research/record-cfa-actions/2009/04/cfa-meeting,CFA Meeting,2009-04-16
CFA Meeting — 19 March 2009,/records-research/record-cfa-actions/2009/03/cfa-meeting,CFA Meeting,2009-03-19
CFA Meeting — 19 February 2009,/records-research/record-cfa-actions/2009/02/cfa-meeting,CFA Meeting,2009-02-19
CFA Meeting — 22 January 2009,/records-research/record-cfa-actions/2009/01/cfa-meeting,CFA Meeting,2009-01-22
,,,
CFA Meeting — 20 November 2008,/records-research/record-cfa-actions/2008/11/cfa-meeting,CFA Meeting,2008-11-20
CFA Meeting — 16 October 2008,/records-research/record-cfa-actions/2008/10/cfa-meeting,CFA Meeting,2008-10-16
CFA Meeting — 18 September 2008,/records-research/record-cfa-actions/2008/09/cfa-meeting,CFA Meeting,2008-09-18
CFA Meeting — 17 July 2008,/records-research/record-cfa-actions/2008/07/cfa-meeting,CFA Meeting,2008-07-17
CFA Meeting — 19 June 2008,/records-research/record-cfa-actions/2008/06/cfa-meeting,CFA Meeting,2008-06-19
CFA Meeting — 15 May 2008,/records-research/record-cfa-actions/2008/05/cfa-meeting,CFA Meeting,2008-05-15
CFA Meeting — 17 April 2008,/records-research/record-cfa-actions/2008/04/cfa-meeting,CFA Meeting,2008-04-17
CFA Meeting — 20 March 2008,/records-research/record-cfa-actions/2008/03/cfa-meeting,CFA Meeting,2008-03-20
CFA Meeting — 21 February 2008,/records-research/record-cfa-actions/2008/02/cfa-meeting,CFA Meeting,2008-02-21
CFA Meeting — 17 January 2008,/records-research/record-cfa-actions/2008/01/cfa-meeting,CFA Meeting,2008-01-17
,,,
CFA Meeting — 15 November 2007,/records-research/record-cfa-actions/2007/11/cfa-meeting,CFA Meeting,2007-11-15
CFA Meeting — 18 October 2007,/records-research/record-cfa-actions/2007/10/cfa-meeting,CFA Meeting,2007-10-18
CFA Meeting — 20 September 2007,/records-research/record-cfa-actions/2007/09/cfa-meeting,CFA Meeting,2007-09-20
CFA Meeting — 19 July 2007,/records-research/record-cfa-actions/2007/07/cfa-meeting,CFA Meeting,2007-07-19
CFA Meeting — 21 June 2007,/records-research/record-cfa-actions/2007/06/cfa-meeting,CFA Meeting,2007-06-21
CFA Meeting — 17 May 2007,/records-research/record-cfa-actions/2007/05/cfa-meeting,CFA Meeting,2007-05-17
CFA Meeting — 19 April 2007,/records-research/record-cfa-actions/2007/04/cfa-meeting,CFA Meeting,2007-04-19
CFA Meeting — 15 March 2007,/records-research/record-cfa-actions/2007/03/cfa-meeting,CFA Meeting,2007-03-15
CFA Meeting — 15 February 2007,/records-research/record-cfa-actions/2007/02/cfa-meeting,CFA Meeting,2007-02-15
CFA Meeting — 18 January 2007,/records-research/record-cfa-actions/2007/01/cfa-meeting,CFA Meeting,2007-01-18
,,,
CFA Meeting — 16 November 2006,/records-research/record-cfa-actions/2006/11/cfa-meeting,CFA Meeting,2006-11-16
CFA Meeting — 19 October 2006,/records-research/record-cfa-actions/2006/10/cfa-meeting,CFA Meeting,2006-10-19
CFA Meeting — 21 September 2006,/records-research/record-cfa-actions/2006/09/cfa-meeting,CFA Meeting,2006-09-21
CFA Meeting — 27 July 2006,/records-research/record-cfa-actions/2006/07/cfa-meeting,CFA Meeting,2006-07-27
CFA Meeting — 15 June 2006,/records-research/record-cfa-actions/2006/06/cfa-meeting,CFA Meeting,2006-06-15
CFA Meeting — 18 May 2006,/records-research/record-cfa-actions/2006/05/cfa-meeting,CFA Meeting,2006-05-18
CFA Meeting — 20 April 2006,/records-research/record-cfa-actions/2006/04/cfa-meeting,CFA Meeting,2006-04-20
CFA Meeting — 16 March 2006,/records-research/record-cfa-actions/2006/03/cfa-meeting,CFA Meeting,2006-03-16
CFA Meeting — 16 February 2006,/records-research/record-cfa-actions/2006/02/cfa-meeting,CFA Meeting,2006-02-16
CFA Meeting — 19 January 2006,/records-research/record-cfa-actions/2006/01/cfa-meeting,CFA Meeting,2006-01-19
,,,
CFA Meeting — 17 November 2005,/records-research/record-cfa-actions/2005/11/cfa-meeting,CFA Meeting,2005-11-17
CFA Meeting — 20 October 2005,/records-research/record-cfa-actions/2005/10/cfa-meeting,CFA Meeting,2005-10-20
CFA Meeting — 15 September 2005,/records-research/record-cfa-actions/2005/09/cfa-meeting,CFA Meeting,2005-09-15
CFA Meeting — 21 July 2005,/records-research/record-cfa-actions/2005/07/cfa-meeting,CFA Meeting,2005-07-21
CFA Meeting — 16 June 2005,/records-research/record-cfa-actions/2005/06/cfa-meeting,CFA Meeting,2005-06-16
CFA Meeting — 19 May 2005,/records-research/record-cfa-actions/2005/05/cfa-meeting,CFA Meeting,2005-05-19
CFA Meeting — 21 April 2005,/records-research/record-cfa-actions/2005/04/cfa-meeting,CFA Meeting,2005-04-21
CFA Meeting — 17 March 2005,/records-research/record-cfa-actions/2005/03/cfa-meeting,CFA Meeting,2005-03-17
CFA Meeting — 17 February 2005,/records-research/record-cfa-actions/2005/02/cfa-meeting,CFA Meeting,2005-02-17
CFA Meeting — 25 January 2005,/records-research/record-cfa-actions/2005/01/cfa-meeting,CFA Meeting,2005-01-25
,,,
CFA Meeting — 18 November 2004,/records-research/record-cfa-actions/2004/11/cfa-meeting,CFA Meeting,2004-11-18
CFA Meeting — 21 October 2004,/records-research/record-cfa-actions/2004/10/cfa-meeting,CFA Meeting,2004-10-21
CFA Meeting — 21 September 2004,/records-research/record-cfa-actions/2004/09/cfa-meeting,CFA Meeting,2004-09-21
CFA Meeting — 15 July 2004,/records-research/record-cfa-actions/2004/07/cfa-meeting,CFA Meeting,2004-07-15
CFA Meeting — 17 June 2004,/records-research/record-cfa-actions/2004/06/cfa-meeting,CFA Meeting,2004-06-17
CFA Meeting — 20 May 2004,/records-research/record-cfa-actions/2004/05/cfa-meeting,CFA Meeting,2004-05-20
CFA Meeting — 15 April 2004,/records-research/record-cfa-actions/2004/04/cfa-meeting,CFA Meeting,2004-04-15
CFA Meeting — 18 March 2004,/records-research/record-cfa-actions/2004/03/cfa-meeting,CFA Meeting,2004-03-18
CFA Meeting — 19 February 2004,/records-research/record-cfa-actions/2004/02/cfa-meeting,CFA Meeting,2004-02-19
CFA Meeting — 15 January 2004,/records-research/record-cfa-actions/2004/01/cfa-meeting,CFA Meeting,2004-01-15
,,,
CFA Meeting — 20 November 2003,/records-research/record-cfa-actions/2003/11/cfa-meeting,CFA Meeting,2003-11-20
CFA Meeting — 16 October 2003,/records-research/record-cfa-actions/2003/10/cfa-meeting,CFA Meeting,2003-10-16
CFA Meeting — 18 September 2003,/records-research/record-cfa-actions/2003/09/cfa-meeting,CFA Meeting,2003-09-18
CFA Meeting — 17 July 2003,/records-research/record-cfa-actions/2003/07/cfa-meeting,CFA Meeting,2003-07-17
CFA Meeting — 19 June 2003,/records-research/record-cfa-actions/2003/06/cfa-meeting,CFA Meeting,2003-06-19
CFA Meeting — 15 May 2003,/records-research/record-cfa-actions/2003/05/cfa-meeting,CFA Meeting,2003-05-15
CFA Meeting — 22 April 2003,/records-research/record-cfa-actions/2003/04/cfa-meeting,CFA Meeting,2003-04-22
CFA Meeting — 20 March 2003,/records-research/record-cfa-actions/2003/03/cfa-meeting,CFA Meeting,2003-03-20
CFA Meeting — 20 February 2003,/records-research/record-cfa-actions/2003/02/cfa-meeting,CFA Meeting,2003-02-20
CFA Meeting — 16 January 2003,/records-research/record-cfa-actions/2003/01/cfa-meeting,CFA Meeting,2003-01-16
,,,
CFA Meeting — 21 November 2002,/records-research/record-cfa-actions/2002/11/cfa-meeting,CFA Meeting,2002-11-21
CFA Meeting — 17 October 2002,/records-research/record-cfa-actions/2002/10/cfa-meeting,CFA Meeting,2002-10-17
