0,1
/records-research/record-cfa-actions/2024/10/cfa-meeting,/records-research/record-cfa-actions/2024/10/cfa-meeting/minutes
/records-research/record-cfa-actions/2024/09/cfa-meeting,/records-research/record-cfa-actions/2024/09/cfa-meeting/minutes
/records-research/record-cfa-actions/2024/07/cfa-meeting,/records-research/record-cfa-actions/2024/07/cfa-meeting/minutes
/records-research/record-cfa-actions/2024/06/cfa-meeting,/records-research/record-cfa-actions/2024/06/cfa-meeting/minutes
/records-research/record-cfa-actions/2024/05/cfa-meeting,/records-research/record-cfa-actions/2024/05/cfa-meeting/minutes
/records-research/record-cfa-actions/2024/04/cfa-meeting,/records-research/record-cfa-actions/2024/04/cfa-meeting/minutes
/records-research/record-cfa-actions/2024/03/cfa-meeting,/records-research/record-cfa-actions/2024/03/cfa-meeting/minutes
/records-research/record-cfa-actions/2024/02/cfa-meeting,/records-research/record-cfa-actions/2024/02/cfa-meeting/minutes
/records-research/record-cfa-actions/2023/11/cfa-meeting,/records-research/record-cfa-actions/2023/11/cfa-meeting/minutes-0
/records-research/record-cfa-actions/2023/10/cfa-meeting,/records-research/record-cfa-actions/2023/10/cfa-meeting/minutes
/records-research/record-cfa-actions/2023/09/cfa-meeting,/records-research/record-cfa-actions/2023/09/cfa-meeting/minutes
/records-research/record-cfa-actions/2023/07/cfa-meeting,/records-research/record-cfa-actions/2023/07/cfa-meeting/minutes
/records-research/record-cfa-actions/2023/06/cfa-meeting,/records-research/record-cfa-actions/2023/06/cfa-meeting/minutes
/records-research/record-cfa-actions/2023/05/cfa-meeting,/records-research/record-cfa-actions/2023/05/cfa-meeting/minutes
/records-research/record-cfa-actions/2023/04/cfa-meeting,/records-research/record-cfa-actions/2023/04/cfa-meeting/minutes
/records-research/record-cfa-actions/2023/03/cfa-meeting,/records-research/record-cfa-actions/2023/03/cfa-meeting/minutes
/records-research/record-cfa-actions/2023/02/cfa-meeting,/records-research/record-cfa-actions/2023/02/cfa-meeting/minutes
/records-research/record-cfa-actions/2023/01/cfa-meeting,/records-research/record-cfa-actions/2023/01/cfa-meeting/minutes
/records-research/record-cfa-actions/2022/11/cfa-meeting,/records-research/record-cfa-actions/2022/11/cfa-meeting/minutes
/records-research/record-cfa-actions/2022/10/cfa-meeting,/records-research/record-cfa-actions/2022/10/cfa-meeting/minutes
/records-research/record-cfa-actions/2022/09/cfa-meeting,/records-research/record-cfa-actions/2022/09/cfa-meeting/minutes
/records-research/record-cfa-actions/2022/07/cfa-meeting,/records-research/record-cfa-actions/2022/07/cfa-meeting/minutes
/records-research/record-cfa-actions/2022/06/cfa-meeting,/records-research/record-cfa-actions/2022/06/cfa-meeting/minutes
/records-research/record-cfa-actions/2022/05/cfa-meeting,/records-research/record-cfa-actions/2022/05/cfa-meeting/minutes
/records-research/record-cfa-actions/2022/04/cfa-meeting,/records-research/record-cfa-actions/2022/04/cfa-meeting/minutes
/records-research/record-cfa-actions/2022/03/cfa-meeting,/records-research/record-cfa-actions/2022/03/cfa-meeting/minutes
/records-research/record-cfa-actions/2022/02/cfa-meeting,/records-research/record-cfa-actions/2022/02/cfa-meeting/minutes
/records-research/record-cfa-actions/2021/11/cfa-meeting,/records-research/record-cfa-actions/2021/11/cfa-meeting/minutes
/records-research/record-cfa-actions/2021/10/cfa-meeting,/records-research/record-cfa-actions/2021/10/cfa-meeting/minutes
/records-research/record-cfa-actions/2021/09/cfa-meeting,/records-research/record-cfa-actions/2021/09/cfa-meeting/minutes
/records-research/record-cfa-actions/2021/07/cfa-meeting,/records-research/record-cfa-actions/2021/07/cfa-meeting/minutes
/records-research/record-cfa-actions/2021/06/cfa-meeting,/records-research/record-cfa-actions/2021/06/cfa-meeting/minutes
/records-research/record-cfa-actions/2021/05/cfa-meeting,/records-research/record-cfa-actions/2021/05/cfa-meeting/minutes
/records-research/record-cfa-actions/2021/04/cfa-meeting,/records-research/record-cfa-actions/2021/04/cfa-meeting/minutes
/records-research/record-cfa-actions/2021/03/cfa-meeting,/records-research/record-cfa-actions/2021/03/cfa-meeting/minutes
/records-research/record-cfa-actions/2021/02/cfa-meeting,/records-research/record-cfa-actions/2021/02/cfa-meeting/minutes
/records-research/record-cfa-actions/2021/01/cfa-meeting,/records-research/record-cfa-actions/2021/01/cfa-meeting/minutes
/records-research/record-cfa-actions/2020/11/cfa-meeting,/records-research/record-cfa-actions/2020/11/cfa-meeting/minutes
/records-research/record-cfa-actions/2020/10/cfa-meeting,/records-research/record-cfa-actions/2020/10/cfa-meeting/minutes
/records-research/record-cfa-actions/2020/09/cfa-meeting,/records-research/record-cfa-actions/2020/09/cfa-meeting/minutes
/records-research/record-cfa-actions/2020/07/cfa-meeting,/records-research/record-cfa-actions/2020/07/cfa-meeting/minutes
/records-research/record-cfa-actions/2020/06/cfa-meeting,/records-research/record-cfa-actions/2020/06/cfa-meeting/minutes
/records-research/record-cfa-actions/2020/05/cfa-meeting,/records-research/record-cfa-actions/2020/05/cfa-meeting/minutes
/records-research/record-cfa-actions/2020/04/cfa-meeting,/records-research/record-cfa-actions/2020/04/cfa-meeting/minutes
/records-research/record-cfa-actions/2020/02/cfa-meeting,/records-research/record-cfa-actions/2020/02/cfa-meeting/minutes
/records-research/record-cfa-actions/2019/11/cfa-meeting,/records-research/record-cfa-actions/2019/11/cfa-meeting/minutes
/records-research/record-cfa-actions/2019/10/cfa-meeting,/records-research/record-cfa-actions/2019/10/cfa-meeting/minutes
/records-research/record-cfa-actions/2019/09/cfa-meeting,/records-research/record-cfa-actions/2019/09/cfa-meeting/minutes
/records-research/record-cfa-actions/2019/07/cfa-meeting,/records-research/record-cfa-actions/2019/07/cfa-meeting/minutes
/records-research/record-cfa-actions/2019/06/cfa-meeting,/records-research/record-cfa-actions/2019/06/cfa-meeting/minutes
/records-research/record-cfa-actions/2019/05/cfa-meeting,/records-research/record-cfa-actions/2019/05/cfa-meeting/minutes
/records-research/record-cfa-actions/2019/04/cfa-meeting,/records-research/record-cfa-actions/2019/04/cfa-meeting/minutes
/records-research/record-cfa-actions/2019/03/cfa-meeting,/records-research/record-cfa-actions/2019/03/cfa-meeting/minutes
/records-research/record-cfa-actions/2019/02/cfa-meeting,/records-research/record-cfa-actions/2019/02/cfa-meeting/minutes
/records-research/record-cfa-actions/2018/11/cfa-meeting,/records-research/record-cfa-actions/2018/11/cfa-meeting/minutes
/records-research/record-cfa-actions/2018/10/cfa-meeting,/records-research/record-cfa-actions/2018/10/cfa-meeting/minutes
/records-research/record-cfa-actions/2018/09/cfa-meeting,/records-research/record-cfa-actions/2018/09/cfa-meeting/minutes
/records-research/record-cfa-actions/2018/07/cfa-meeting,/records-research/record-cfa-actions/2018/07/cfa-meeting/minutes
/records-research/record-cfa-actions/2018/06/cfa-meeting,/records-research/record-cfa-actions/2018/06/cfa-meeting/minutes
/records-research/record-cfa-actions/2018/05/cfa-meeting,/records-research/record-cfa-actions/2018/05/cfa-meeting/minutes
/records-research/record-cfa-actions/2018/04/cfa-meeting,/records-research/record-cfa-actions/2018/04/cfa-meeting/minutes
/records-research/record-cfa-actions/2018/03/cfa-meeting,/records-research/record-cfa-actions/2018/03/cfa-meeting/minutes
/records-research/record-cfa-actions/2018/02/cfa-meeting,/records-research/record-cfa-actions/2018/02/cfa-meeting/minutes
/records-research/record-cfa-actions/2018/01/cfa-meeting,/records-research/record-cfa-actions/2018/01/cfa-meeting/minutes
/records-research/record-cfa-actions/2017/11/cfa-meeting,/records-research/record-cfa-actions/2017/11/cfa-meeting/minutes
/records-research/record-cfa-actions/2017/10/cfa-meeting,/records-research/record-cfa-actions/2017/10/cfa-meeting/minutes
/records-research/record-cfa-actions/2017/09/cfa-meeting,/records-research/record-cfa-actions/2017/09/cfa-meeting/minutes
/records-research/record-cfa-actions/2017/07/cfa-meeting,/records-research/record-cfa-actions/2017/07/cfa-meeting/minutes
/records-research/record-cfa-actions/2017/06/cfa-meeting,/records-research/record-cfa-actions/2017/06/cfa-meeting/minutes
/records-research/record-cfa-actions/2017/05/cfa-meeting,/records-research/record-cfa-actions/2017/05/cfa-meeting/minutes
/records-research/record-cfa-actions/2017/04/cfa-meeting,/records-research/record-cfa-actions/2017/04/cfa-meeting/minutes
/records-research/record-cfa-actions/2017/03/cfa-meeting,/records-research/record-cfa-actions/2017/03/cfa-meeting/minutes
/records-research/record-cfa-actions/2017/02/cfa-meeting,/records-research/record-cfa-actions/2017/02/cfa-meeting/minutes
/records-research/record-cfa-actions/2017/01/cfa-meeting,/records-research/record-cfa-actions/2017/01/cfa-meeting/minutes
/records-research/record-cfa-actions/2016/11/cfa-meeting,/records-research/record-cfa-actions/2016/11/cfa-meeting/minutes
/records-research/record-cfa-actions/2016/10/cfa-meeting,/records-research/record-cfa-actions/2016/10/cfa-meeting/minutes
/records-research/record-cfa-actions/2016/09/cfa-meeting,/records-research/record-cfa-actions/2016/09/cfa-meeting/minutes
/records-research/record-cfa-actions/2016/07/cfa-meeting,/records-research/record-cfa-actions/2016/07/cfa-meeting/minutes
/records-research/record-cfa-actions/2016/06/cfa-meeting,/records-research/record-cfa-actions/2016/06/cfa-meeting/minutes
/records-research/record-cfa-actions/2016/05/cfa-meeting,/records-research/record-cfa-actions/2016/05/cfa-meeting/minutes
/records-research/record-cfa-actions/2016/04/cfa-meeting,/records-research/record-cfa-actions/2016/04/cfa-meeting/minutes
/records-research/record-cfa-actions/2016/03/cfa-meeting,/records-research/record-cfa-actions/2016/03/cfa-meeting/minutes
/records-research/record-cfa-actions/2016/02/cfa-meeting,/records-research/record-cfa-actions/2016/02/cfa-meeting/minutes
/records-research/record-cfa-actions/2015/11/cfa-meeting,/records-research/record-cfa-actions/2015/11/cfa-meeting/minutes
/records-research/record-cfa-actions/2015/10/cfa-meeting,/records-research/record-cfa-actions/2015/10/cfa-meeting/minutes
/records-research/record-cfa-actions/2015/09/cfa-meeting,/records-research/record-cfa-actions/2015/09/cfa-meeting/minutes
/records-research/record-cfa-actions/2015/07/cfa-meeting,/records-research/record-cfa-actions/2015/07/cfa-meeting/minutes
/records-research/record-cfa-actions/2015/06/cfa-meeting,/records-research/record-cfa-actions/2015/06/cfa-meeting/minutes
/records-research/record-cfa-actions/2015/05/cfa-meeting,/records-research/record-cfa-actions/2015/05/cfa-meeting/minutes
/records-research/record-cfa-actions/2015/04/cfa-meeting,/records-research/record-cfa-actions/2015/04/cfa-meeting/minutes
/records-research/record-cfa-actions/2015/03/cfa-meeting,/records-research/record-cfa-actions/2015/03/cfa-meeting/minutes
/records-research/record-cfa-actions/2015/02/cfa-meeting,/records-research/record-cfa-actions/2015/02/cfa-meeting/minutes
/records-research/record-cfa-actions/2015/01/cfa-meeting,/records-research/record-cfa-actions/2015/01/cfa-meeting/minutes
/records-research/record-cfa-actions/2014/11/cfa-meeting,/records-research/record-cfa-actions/2014/11/cfa-meeting/minutes
/records-research/record-cfa-actions/2014/10/cfa-meeting,/records-research/record-cfa-actions/2014/10/cfa-meeting/minutes
/records-research/record-cfa-actions/2014/09/cfa-meeting,/records-research/record-cfa-actions/2014/09/cfa-meeting/minutes
/records-research/record-cfa-actions/2014/07/cfa-meeting,/records-research/record-cfa-actions/2014/07/cfa-meeting/minutes
/records-research/record-cfa-actions/2014/06/cfa-meeting,/records-research/record-cfa-actions/2014/06/cfa-meeting/minutes
/records-research/record-cfa-actions/2014/05/cfa-meeting,/records-research/record-cfa-actions/2014/05/cfa-meeting/minutes
/records-research/record-cfa-actions/2014/04/cfa-meeting,/records-research/record-cfa-actions/2014/04/cfa-meeting/minutes
/records-research/record-cfa-actions/2014/03/cfa-meeting,/records-research/record-cfa-actions/2014/03/cfa-meeting/minutes
/records-research/record-cfa-actions/2014/02/cfa-meeting,/records-research/record-cfa-actions/2014/02/cfa-meeting/minutes
/records-research/record-cfa-actions/2014/01/cfa-meeting,/records-research/record-cfa-actions/2014/01/cfa-meeting/minutes
/records-research/record-cfa-actions/2013/11/cfa-meeting,/records-research/record-cfa-actions/2013/11/cfa-meeting/minutes
/records-research/record-cfa-actions/2013/09/cfa-meeting,/records-research/record-cfa-actions/2013/09/cfa-meeting/minutes
/records-research/record-cfa-actions/2013/07/cfa-meeting,/records-research/record-cfa-actions/2013/07/cfa-meeting/minutes
/records-research/record-cfa-actions/2013/06/cfa-meeting,/records-research/record-cfa-actions/2013/06/cfa-meeting/minutes
/records-research/record-cfa-actions/2013/05/cfa-meeting,/records-research/record-cfa-actions/2013/05/cfa-meeting/minutes
/records-research/record-cfa-actions/2013/04/cfa-meeting,/records-research/record-cfa-actions/2013/04/cfa-meeting/minutes
/records-research/record-cfa-actions/2013/03/cfa-meeting,/records-research/record-cfa-actions/2013/03/cfa-meeting/minutes
/records-research/record-cfa-actions/2013/02/cfa-meeting,/records-research/record-cfa-actions/2013/02/cfa-meeting/minutes
/records-research/record-cfa-actions/2013/01/cfa-meeting,/records-research/record-cfa-actions/2013/01/cfa-meeting/minutes
/records-research/record-cfa-actions/2012/11/cfa-meeting,/records-research/record-cfa-actions/2012/11/cfa-meeting/minutes
/records-research/record-cfa-actions/2012/10/cfa-meeting,/records-research/record-cfa-actions/2012/10/cfa-meeting/minutes
/records-research/record-cfa-actions/2012/09/cfa-meeting,/records-research/record-cfa-actions/2012/09/cfa-meeting/minutes
/records-research/record-cfa-actions/2012/07/cfa-meeting,/records-research/record-cfa-actions/2012/07/cfa-meeting/minutes
/records-research/record-cfa-actions/2012/06/cfa-meeting,/records-research/record-cfa-actions/2012/06/cfa-meeting/minutes
/records-research/record-cfa-actions/2012/05/cfa-meeting,/records-research/record-cfa-actions/2012/05/cfa-meeting/minutes
/records-research/record-cfa-actions/2012/04/cfa-meeting,/records-research/record-cfa-actions/2012/04/cfa-meeting/minutes
/records-research/record-cfa-actions/2012/03/cfa-meeting,/records-research/record-cfa-actions/2012/03/cfa-meeting/minutes
/records-research/record-cfa-actions/2012/02/cfa-meeting,/records-research/record-cfa-actions/2012/02/cfa-meeting/minutes
/records-research/record-cfa-actions/2012/01/cfa-meeting,/records-research/record-cfa-actions/2012/01/cfa-meeting/minutes
/records-research/record-cfa-actions/2011/11/cfa-meeting,/records-research/record-cfa-actions/2011/11/cfa-meeting/minutes
/records-research/record-cfa-actions/2011/10/cfa-meeting,/records-research/record-cfa-actions/2011/10/cfa-meeting/minutes
/records-research/record-cfa-actions/2011/09/cfa-meeting,/records-research/record-cfa-actions/2011/09/cfa-meeting/minutes
/records-research/record-cfa-actions/2011/07/cfa-meeting,/records-research/record-cfa-actions/2011/07/cfa-meeting/minutes
/records-research/record-cfa-actions/2011/06/cfa-meeting,/records-research/record-cfa-actions/2011/06/cfa-meeting/minutes
/records-research/record-cfa-actions/2011/05/cfa-meeting,/records-research/record-cfa-actions/2011/05/cfa-meeting/minutes
/records-research/record-cfa-actions/2011/04/cfa-meeting,/records-research/record-cfa-actions/2011/04/cfa-meeting/minutes
/records-research/record-cfa-actions/2011/03/cfa-meeting,/records-research/record-cfa-actions/2011/03/cfa-meeting/minutes
/records-research/record-cfa-actions/2011/02/cfa-meeting,/records-research/record-cfa-actions/2011/02/cfa-meeting/minutes
/records-research/record-cfa-actions/2011/01/cfa-meeting,/records-research/record-cfa-actions/2011/01/cfa-meeting/minutes
/records-research/record-cfa-actions/2010/11/cfa-meeting,/records-research/record-cfa-actions/2010/11/cfa-meeting/minutes
/records-research/record-cfa-actions/2010/10/cfa-meeting,/records-research/record-cfa-actions/2010/10/cfa-meeting/minutes
/records-research/record-cfa-actions/2010/09/cfa-meeting,/records-research/record-cfa-actions/2010/09/cfa-meeting/minutes
/records-research/record-cfa-actions/2010/07/cfa-meeting,/records-research/record-cfa-actions/2010/07/cfa-meeting/minutes
/records-research/record-cfa-actions/2010/06/cfa-meeting,/records-research/record-cfa-actions/2010/06/cfa-meeting/minutes
/records-research/record-cfa-actions/2010/05/cfa-meeting,/records-research/record-cfa-actions/2010/05/cfa-meeting/minutes
/records-research/record-cfa-actions/2010/04/cfa-meeting,/records-research/record-cfa-actions/2010/04/cfa-meeting/minutes
/records-research/record-cfa-actions/2010/03/cfa-meeting,/records-research/record-cfa-actions/2010/03/cfa-meeting/minutes
/records-research/record-cfa-actions/2010/02/cfa-meeting,/records-research/record-cfa-actions/2010/02/cfa-meeting/minutes
/records-research/record-cfa-actions/2009/11/cfa-meeting,/records-research/record-cfa-actions/2009/11/cfa-meeting/minutes
/records-research/record-cfa-actions/2009/10/cfa-meeting,/records-research/record-cfa-actions/2009/10/cfa-meeting/minutes
/records-research/record-cfa-actions/2009/09/cfa-meeting,/records-research/record-cfa-actions/2009/09/cfa-meeting/minutes
/records-research/record-cfa-actions/2009/07/cfa-meeting,/records-research/record-cfa-actions/2009/07/cfa-meeting/minutes
/records-research/record-cfa-actions/2009/06/cfa-meeting,/records-research/record-cfa-actions/2009/06/cfa-meeting/minutes
/records-research/record-cfa-actions/2009/05/cfa-meeting,/records-research/record-cfa-actions/2009/05/cfa-meeting/minutes
/records-research/record-cfa-actions/2009/04/cfa-meeting,/records-research/record-cfa-actions/2009/04/cfa-meeting/minutes
/records-research/record-cfa-actions/2009/03/cfa-meeting,/records-research/record-cfa-actions/2009/03/cfa-meeting/minutes
/records-research/record-cfa-actions/2009/02/cfa-meeting,/records-research/record-cfa-actions/2009/02/cfa-meeting/minutes
/records-research/record-cfa-actions/2009/01/cfa-meeting,/records-research/record-cfa-actions/2009/01/cfa-meeting/minutes
/records-research/record-cfa-actions/2008/11/cfa-meeting,/records-research/record-cfa-actions/2008/11/cfa-meeting/minutes
/records-research/record-cfa-actions/2008/10/cfa-meeting,/records-research/record-cfa-actions/2008/10/cfa-meeting/minutes
/records-research/record-cfa-actions/2008/09/cfa-meeting,/records-research/record-cfa-actions/2008/09/cfa-meeting/minutes
/records-research/record-cfa-actions/2008/07/cfa-meeting,/records-research/record-cfa-actions/2008/07/cfa-meeting/minutes
/records-research/record-cfa-actions/2008/06/cfa-meeting,/records-research/record-cfa-actions/2008/06/cfa-meeting/minutes
/records-research/record-cfa-actions/2008/05/cfa-meeting,/records-research/record-cfa-actions/2008/05/cfa-meeting/minutes
/records-research/record-cfa-actions/2008/04/cfa-meeting,/records-research/record-cfa-actions/2008/04/cfa-meeting/minutes
/records-research/record-cfa-actions/2008/03/cfa-meeting,/records-research/record-cfa-actions/2008/03/cfa-meeting/minutes
/records-research/record-cfa-actions/2008/02/cfa-meeting,/records-research/record-cfa-actions/2008/02/cfa-meeting/minutes
/records-research/record-cfa-actions/2008/01/cfa-meeting,/records-research/record-cfa-actions/2008/01/cfa-meeting/minutes
/records-research/record-cfa-actions/2007/11/cfa-meeting,/records-research/record-cfa-actions/2007/11/cfa-meeting/minutes
/records-research/record-cfa-actions/2007/10/cfa-meeting,/records-research/record-cfa-actions/2007/10/cfa-meeting/minutes
/records-research/record-cfa-actions/2007/09/cfa-meeting,/records-research/record-cfa-actions/2007/09/cfa-meeting/minutes
/records-research/record-cfa-actions/2007/07/cfa-meeting,/records-research/record-cfa-actions/2007/07/cfa-meeting/minutes
/records-research/record-cfa-actions/2007/06/cfa-meeting,/records-research/record-cfa-actions/2007/06/cfa-meeting/minutes
/records-research/record-cfa-actions/2007/05/cfa-meeting,/records-research/record-cfa-actions/2007/05/cfa-meeting/minutes
/records-research/record-cfa-actions/2007/04/cfa-meeting,/records-research/record-cfa-actions/2007/04/cfa-meeting/minutes
/records-research/record-cfa-actions/2007/03/cfa-meeting,/records-research/record-cfa-actions/2007/03/cfa-meeting/minutes
/records-research/record-cfa-actions/2007/02/cfa-meeting,/records-research/record-cfa-actions/2007/02/cfa-meeting/minutes
/records-research/record-cfa-actions/2007/01/cfa-meeting,/records-research/record-cfa-actions/2007/01/cfa-meeting/minutes
/records-research/record-cfa-actions/2006/11/cfa-meeting,/records-research/record-cfa-actions/2006/11/cfa-meeting/minutes
/records-research/record-cfa-actions/2006/10/cfa-meeting,/records-research/record-cfa-actions/2006/10/cfa-meeting/minutes
/records-research/record-cfa-actions/2006/09/cfa-meeting,/records-research/record-cfa-actions/2006/09/cfa-meeting/minutes
/records-research/record-cfa-actions/2006/07/cfa-meeting,/records-research/record-cfa-actions/2006/07/cfa-meeting/minutes
/records-research/record-cfa-actions/2006/06/cfa-meeting,/records-research/record-cfa-actions/2006/06/cfa-meeting/minutes
/records-research/record-cfa-actions/2006/05/cfa-meeting,/records-research/record-cfa-actions/2006/05/cfa-meeting/minutes
/records-research/record-cfa-actions/2006/04/cfa-meeting,/records-research/record-cfa-actions/2006/04/cfa-meeting/minutes
/records-research/record-cfa-actions/2006/03/cfa-meeting,/records-research/record-cfa-actions/2006/03/cfa-meeting/minutes
/records-research/record-cfa-actions/2006/02/cfa-meeting,/records-research/record-cfa-actions/2006/02/cfa-meeting/minutes
/records-research/record-cfa-actions/2006/01/cfa-meeting,/records-research/record-cfa-actions/2006/01/cfa-meeting/minutes
/records-research/record-cfa-actions/2005/11/cfa-meeting,/records-research/record-cfa-actions/2005/11/cfa-meeting/minutes
/records-research/record-cfa-actions/2005/10/cfa-meeting,/records-research/record-cfa-actions/2005/10/cfa-meeting/minutes
/records-research/record-cfa-actions/2005/09/cfa-meeting,/records-research/record-cfa-actions/2005/09/cfa-meeting/minutes
/records-research/record-cfa-actions/2005/07/cfa-meeting,/records-research/record-cfa-actions/2005/07/cfa-meeting/minutes
/records-research/record-cfa-actions/2005/06/cfa-meeting,/records-research/record-cfa-actions/2005/06/cfa-meeting/minutes
/records-research/record-cfa-actions/2005/05/cfa-meeting,/records-research/record-cfa-actions/2005/05/cfa-meeting/minutes
/records-research/record-cfa-actions/2005/04/cfa-meeting,/records-research/record-cfa-actions/2005/04/cfa-meeting/minutes
/records-research/record-cfa-actions/2005/03/cfa-meeting,/records-research/record-cfa-actions/2005/03/cfa-meeting/minutes
/records-research/record-cfa-actions/2005/02/cfa-meeting,/records-research/record-cfa-actions/2005/02/cfa-meeting/minutes
/records-research/record-cfa-actions/2005/01/cfa-meeting,/records-research/record-cfa-actions/2005/01/cfa-meeting/minutes
/records-research/record-cfa-actions/2004/11/cfa-meeting,/records-research/record-cfa-actions/2004/11/cfa-meeting/minutes
/records-research/record-cfa-actions/2004/10/cfa-meeting,/records-research/record-cfa-actions/2004/10/cfa-meeting/minutes
/records-research/record-cfa-actions/2004/09/cfa-meeting,/records-research/record-cfa-actions/2004/09/cfa-meeting/minutes
/records-research/record-cfa-actions/2004/07/cfa-meeting,/records-research/record-cfa-actions/2004/07/cfa-meeting/minutes
/records-research/record-cfa-actions/2004/06/cfa-meeting,/records-research/record-cfa-actions/2004/06/cfa-meeting/minutes
/records-research/record-cfa-actions/2004/05/cfa-meeting,/records-research/record-cfa-actions/2004/05/cfa-meeting/minutes
/records-research/record-cfa-actions/2004/04/cfa-meeting,/records-research/record-cfa-actions/2004/04/cfa-meeting/minutes
/records-research/record-cfa-actions/2004/03/cfa-meeting,/records-research/record-cfa-actions/2004/03/cfa-meeting/minutes
/records-research/record-cfa-actions/2004/02/cfa-meeting,/records-research/record-cfa-actions/2004/02/cfa-meeting/minutes
/records-research/record-cfa-actions/2004/01/cfa-meeting,/records-research/record-cfa-actions/2004/01/cfa-meeting/minutes
/records-research/record-cfa-actions/2003/11/cfa-meeting,/records-research/record-cfa-actions/2003/11/cfa-meeting/minutes
/records-research/record-cfa-actions/2003/10/cfa-meeting,/records-research/record-cfa-actions/2003/10/cfa-meeting/minutes
/records-research/record-cfa-actions/2003/07/cfa-meeting,/records-research/record-cfa-actions/2003/07/cfa-meeting/minutes
/records-research/record-cfa-actions/2003/06/cfa-meeting,/records-research/record-cfa-actions/2003/06/cfa-meeting/minutes
/records-research/record-cfa-actions/2003/05/cfa-meeting,/records-research/record-cfa-actions/2003/05/cfa-meeting/minutes
/records-research/record-cfa-actions/2003/04/cfa-meeting,/records-research/record-cfa-actions/2003/04/cfa-meeting/minutes
/records-research/record-cfa-actions/2003/03/cfa-meeting,/records-research/record-cfa-actions/2003/03/cfa-meeting/minutes
/records-research/record-cfa-actions/2003/02/cfa-meeting,/records-research/record-cfa-actions/2003/02/cfa-meeting/minutes
/records-research/record-cfa-actions/2003/01/cfa-meeting,/records-research/record-cfa-actions/2003/01/cfa-meeting/minutes
